{
  "accuracy": 0.895910780669145,
  "precision": 0.4925373134328358,
  "recall": 0.6,
  "f1": 0.5409836065573771,
  "train_fraction": 0.6
}