{
  "accuracy": 0.8995535714285714,
  "precision": 0.5428571428571428,
  "recall": 0.13768115942028986,
  "f1": 0.21965317919075145,
  "window": 48,
  "threshold": 3.5
}