{
  "accuracy": 0.9070631970260223,
  "precision": 1.0,
  "recall": 0.09090909090909091,
  "f1": 0.16666666666666666,
  "train_fraction": 0.6
}