{
  "accuracy": 0.9107806691449815,
  "precision": 0.8181818181818182,
  "recall": 0.16363636363636364,
  "f1": 0.2727272727272727,
  "train_fraction": 0.6
}