{
  "accuracy": 0.9256505576208178,
  "precision": 0.4117647058823529,
  "recall": 1.0,
  "f1": 0.5833333333333334,
  "train_fraction": 0.8
}