{
  "accuracy": 0.929368029739777,
  "precision": 0.42424242424242425,
  "recall": 1.0,
  "f1": 0.5957446808510638,
  "train_fraction": 0.8
}