{
  "loss": [
    0.8893750905990601,
    0.7379777431488037,
    0.6931958794593811,
    0.6744411587715149,
    0.6646816730499268,
    0.661603569984436,
    0.6485539674758911,
    0.6414079666137695,
    0.6359992027282715,
    0.6351326704025269,
    0.6326972842216492,
    0.6238940954208374,
    0.6226437091827393,
    0.6178866028785706,
    0.6194533705711365,
    0.6148316264152527,
    0.6108382940292358,
    0.6099029779434204,
    0.608359158039093,
    0.6076385378837585,
    0.6064830422401428,
    0.6065192222595215,
    0.6021121144294739,
    0.6014627814292908,
    0.6017717719078064,
    0.6001855731010437,
    0.5985534191131592,
    0.5979524254798889,
    0.5983531475067139,
    0.5962454676628113
  ],
  "val_loss": [
    0.8094121813774109,
    0.7091784477233887,
    0.696168839931488,
    0.6777881383895874,
    0.6735864281654358,
    0.6650676727294922,
    0.6584854125976562,
    0.6554927825927734,
    0.6591650247573853,
    0.6573669910430908,
    0.6499426960945129,
    0.6438947319984436,
    0.6459155678749084,
    0.6431915163993835,
    0.6412175893783569,
    0.639339804649353,
    0.6389729380607605,
    0.6384892463684082,
    0.6378663182258606,
    0.6383141279220581,
    0.6380507946014404,
    0.6357669234275818,
    0.6360928416252136,
    0.6350899934768677,
    0.6334843635559082,
    0.6343512535095215,
    0.6364147663116455,
    0.635829508304596,
    0.6335099339485168,
    0.6336438059806824
  ]
}