{
  "accuracy": 0.8980654761904762,
  "precision": 0.52,
  "recall": 0.09420289855072464,
  "f1": 0.15950920245398773,
  "window": 48,
  "threshold": 4.0
}