{
  "accuracy": 0.8910891089108911,
  "precision": 0.42105263157894735,
  "recall": 0.6857142857142857,
  "f1": 0.5217391304347826,
  "train_fraction": 0.7
}