{
  "accuracy": 0.8705357142857143,
  "precision": 0.5,
  "recall": 0.04597701149425287,
  "f1": 0.08421052631578947,
  "window": 24,
  "threshold": 3.5
}