{
  "accuracy": 0.9207920792079208,
  "precision": 0.5714285714285714,
  "recall": 0.34285714285714286,
  "f1": 0.42857142857142855,
  "train_fraction": 0.7
}