{
  "accuracy": 0.9553903345724907,
  "precision": 0.5833333333333334,
  "recall": 0.5,
  "f1": 0.5384615384615384,
  "train_fraction": 0.8
}