{
  "accuracy": 0.9553903345724907,
  "precision": 0.5625,
  "recall": 0.6428571428571429,
  "f1": 0.6,
  "train_fraction": 0.8
}