{
  "accuracy": 0.8391089108910891,
  "precision": 0.3125,
  "recall": 0.7142857142857143,
  "f1": 0.43478260869565216,
  "train_fraction": 0.7
}