{
  "accuracy": 0.8988095238095238,
  "precision": 0.5416666666666666,
  "recall": 0.09420289855072464,
  "f1": 0.16049382716049382,
  "window": 32,
  "threshold": 3.5
}