{
  "accuracy": 0.9070631970260223,
  "precision": 0.358974358974359,
  "recall": 1.0,
  "f1": 0.5283018867924528,
  "train_fraction": 0.8
}