scenario,zscore_f1,pca_f1,ae_f1
spike,0.08866995073891626,0.6666666666666666,0.1342281879194631
dropout,0.08421052631578947,0.6,0.1935483870967742
drift,0.07017543859649122,0.41935483870967744,0.13530655391120508
