{
  "accuracy": 0.8787202380952381,
  "precision": 0.288135593220339,
  "recall": 0.12318840579710146,
  "f1": 0.17258883248730963,
  "window": 16,
  "threshold": 2.5
}