{
  "accuracy": 0.8847583643122676,
  "precision": 0.3111111111111111,
  "recall": 1.0,
  "f1": 0.4745762711864407,
  "train_fraction": 0.8
}