{
  "accuracy": 0.912639405204461,
  "precision": 0.7,
  "recall": 0.2545454545454545,
  "f1": 0.37333333333333335,
  "train_fraction": 0.6
}