{
  "accuracy": 0.9553903345724907,
  "precision": 0.5714285714285714,
  "recall": 0.5714285714285714,
  "f1": 0.5714285714285714,
  "train_fraction": 0.8
}