{
  "accuracy": 0.9381188118811881,
  "precision": 0.75,
  "recall": 0.42857142857142855,
  "f1": 0.5454545454545454,
  "train_fraction": 0.7
}