{
  "accuracy": 0.8643122676579925,
  "precision": 0.3953488372093023,
  "recall": 0.6181818181818182,
  "f1": 0.48226950354609927,
  "train_fraction": 0.6
}