{
  "accuracy": 0.9034653465346535,
  "precision": 0.4583333333333333,
  "recall": 0.6285714285714286,
  "f1": 0.5301204819277109,
  "train_fraction": 0.7
}