{
  "threshold": 0.657140194,
  "accuracy": 0.7301464919043947,
  "precision": 0.16153846153846155,
  "recall": 0.2413793103448276,
  "f1": 0.1935483870967742
}