{
  "accuracy": 0.8422619047619048,
  "precision": 0.5333333333333333,
  "recall": 0.03755868544600939,
  "f1": 0.07017543859649122,
  "window": 24,
  "threshold": 3.5
}