{
  "accuracy": 0.9089219330855018,
  "precision": 0.6153846153846154,
  "recall": 0.2909090909090909,
  "f1": 0.3950617283950617,
  "train_fraction": 0.6
}