{
  "accuracy": 0.8958333333333334,
  "precision": 0.4666666666666667,
  "recall": 0.10144927536231885,
  "f1": 0.16666666666666666,
  "window": 24,
  "threshold": 3.0
}