{
  "threshold": 0.657140194,
  "accuracy": 0.7016191210485736,
  "precision": 0.11538461538461539,
  "recall": 0.16042780748663102,
  "f1": 0.1342281879194631
}