{
  "accuracy": 0.8623511904761905,
  "precision": 0.5625,
  "recall": 0.0481283422459893,
  "f1": 0.08866995073891626,
  "window": 24,
  "threshold": 3.5
}