{
  "accuracy": 0.9257425742574258,
  "precision": 0.6923076923076923,
  "recall": 0.2571428571428571,
  "f1": 0.375,
  "train_fraction": 0.7
}