{
  "accuracy": 0.845724907063197,
  "precision": 0.37037037037037035,
  "recall": 0.7272727272727273,
  "f1": 0.49079754601226994,
  "train_fraction": 0.6
}