percentile,threshold,precision,recall,f1
80.0,0.716154936,0.17490494296577946,0.3333333333333333,0.22942643391521197
85.0,0.758097848,0.15736040609137056,0.2246376811594203,0.18507462686567164
90.0,0.80147344,0.16666666666666666,0.15942028985507245,0.16296296296296298
95.0,0.9833911959999996,0.06060606060606061,0.028985507246376812,0.0392156862745098
97.5,1.05385772,0.030303030303030304,0.007246376811594203,0.011695906432748537
99.0,1.1230630599999998,0.0,0.0,0.0
