percentile,threshold,precision,recall,f1
80.0,0.7405975760000001,0.18631178707224336,0.35507246376811596,0.24438902743142144
85.0,0.7863867720000001,0.16243654822335024,0.2318840579710145,0.191044776119403
90.0,0.835346972,0.1590909090909091,0.15217391304347827,0.15555555555555556
95.0,1.0233370199999998,0.07575757575757576,0.036231884057971016,0.049019607843137254
97.5,1.09914014,0.030303030303030304,0.007246376811594203,0.011695906432748537
99.0,1.1594181679999997,0.0,0.0,0.0
