{
  "roc_auc": 0.7410175763182238,
  "pr_auc": 0.17931352006297166
}