{
  "roc_auc": 0.7426703669441875,
  "pr_auc": 0.18033261915806464
}