{
  "accuracy": 0.9479553903345725,
  "precision": 0.5,
  "recall": 0.07142857142857142,
  "f1": 0.125,
  "train_fraction": 0.8
}