{
  "accuracy": 0.9553903345724907,
  "precision": 0.5555555555555556,
  "recall": 0.7142857142857143,
  "f1": 0.625,
  "train_fraction": 0.8
}