{
  "accuracy": 0.9257425742574258,
  "precision": 0.5925925925925926,
  "recall": 0.45714285714285713,
  "f1": 0.5161290322580645,
  "train_fraction": 0.7
}