{
  "accuracy": 0.9591078066914498,
  "precision": 0.6666666666666666,
  "recall": 0.42857142857142855,
  "f1": 0.5217391304347826,
  "train_fraction": 0.8
}