{
  "accuracy": 0.8965773809523809,
  "precision": 0.4666666666666667,
  "recall": 0.050724637681159424,
  "f1": 0.0915032679738562,
  "window": 24,
  "threshold": 3.5
}