{
  "accuracy": 0.9356435643564357,
  "precision": 0.7368421052631579,
  "recall": 0.4,
  "f1": 0.5185185185185185,
  "train_fraction": 0.7
}