{
  "accuracy": 0.9207920792079208,
  "precision": 0.7142857142857143,
  "recall": 0.14285714285714285,
  "f1": 0.23809523809523808,
  "train_fraction": 0.7
}