{
  "accuracy": 0.9070631970260223,
  "precision": 0.5806451612903226,
  "recall": 0.32727272727272727,
  "f1": 0.4186046511627907,
  "train_fraction": 0.6
}