{
  "accuracy": 0.8921933085501859,
  "precision": 0.32558139534883723,
  "recall": 1.0,
  "f1": 0.49122807017543857,
  "train_fraction": 0.8
}