{
  "accuracy": 0.9237918215613383,
  "precision": 0.75,
  "recall": 0.38181818181818183,
  "f1": 0.5060240963855421,
  "train_fraction": 0.6
}