{
  "accuracy": 0.9628252788104089,
  "precision": 0.625,
  "recall": 0.7142857142857143,
  "f1": 0.6666666666666666,
  "train_fraction": 0.8
}