{
  "accuracy": 0.8965773809523809,
  "precision": 0.4915254237288136,
  "recall": 0.21014492753623187,
  "f1": 0.29441624365482233,
  "window": 48,
  "threshold": 3.0
}