{
  "accuracy": 0.8415841584158416,
  "precision": 0.32098765432098764,
  "recall": 0.7428571428571429,
  "f1": 0.4482758620689655,
  "train_fraction": 0.7
}