{
  "accuracy": 0.9516728624535316,
  "precision": 0.6,
  "recall": 0.21428571428571427,
  "f1": 0.3157894736842105,
  "train_fraction": 0.8
}