percentile,threshold,precision,recall,f1
80.0,0.7334657400000001,0.17490494296577946,0.3333333333333333,0.22942643391521197
85.0,0.782854256,0.15228426395939088,0.21739130434782608,0.1791044776119403
90.0,0.8229269519999999,0.16666666666666666,0.15942028985507245,0.16296296296296298
95.0,1.00913522,0.07575757575757576,0.036231884057971016,0.049019607843137254
97.5,1.0889824200000002,0.0,0.0,0.0
99.0,1.150167868,0.0,0.0,0.0
