{
  "roc_auc": 0.7342399013259329,
  "pr_auc": 0.1762204960901626
}