{
  "accuracy": 0.879182156133829,
  "precision": 0.4431818181818182,
  "recall": 0.7090909090909091,
  "f1": 0.5454545454545454,
  "train_fraction": 0.6
}