{
  "accuracy": 0.8973214285714286,
  "precision": 0.5,
  "recall": 0.050724637681159424,
  "f1": 0.09210526315789473,
  "window": 16,
  "threshold": 3.5
}