{
  "accuracy": 0.8773234200743495,
  "precision": 0.2978723404255319,
  "recall": 1.0,
  "f1": 0.45901639344262296,
  "train_fraction": 0.8
}