{
  "accuracy": 0.8688118811881188,
  "precision": 0.37142857142857144,
  "recall": 0.7428571428571429,
  "f1": 0.49523809523809526,
  "train_fraction": 0.7
}