{
  "accuracy": 0.9232673267326733,
  "precision": 0.8333333333333334,
  "recall": 0.14285714285714285,
  "f1": 0.24390243902439024,
  "train_fraction": 0.7
}