{
  "accuracy": 0.8735119047619048,
  "precision": 0.3181818181818182,
  "recall": 0.2028985507246377,
  "f1": 0.24778761061946902,
  "window": 24,
  "threshold": 2.5
}