{
  "accuracy": [
    0.24807056784629822,
    0.4718853235244751,
    0.630650520324707,
    0.7078279852867126,
    0.7673649191856384,
    0.8059536814689636,
    0.8379272222518921,
    0.8544652462005615,
    0.8765159845352173,
    0.8941565752029419
  ],
  "loss": [
    1.1901935338974,
    0.7815844416618347,
    0.548975944519043,
    0.4130212068557739,
    0.31515824794769287,
    0.2653394937515259,
    0.22159789502620697,
    0.19334319233894348,
    0.16386161744594574,
    0.1434611678123474
  ],
  "val_accuracy": [
    0.2102564126253128,
    0.4205128252506256,
    0.5487179756164551,
    0.6410256624221802,
    0.692307710647583,
    0.7538461685180664,
    0.8153846263885498,
    0.8615384697914124,
    0.892307698726654,
    0.8871794939041138
  ],
  "val_loss": [
    1.286765456199646,
    1.1666793823242188,
    1.0330730676651,
    0.8435409665107727,
    0.6761057376861572,
    0.5761021971702576,
    0.47706037759780884,
    0.39505454897880554,
    0.3325433135032654,
    0.31355881690979004
  ]
}