{
  "accuracy": [
    0.8525852560997009,
    0.8866886496543884,
    0.8866886496543884,
    0.9141914248466492,
    0.9262926578521729,
    0.9328932762145996
  ],
  "loss": [
    0.6243662238121033,
    0.38235241174697876,
    0.3210846483707428,
    0.25379523634910583,
    0.2055462896823883,
    0.17756891250610352
  ],
  "val_accuracy": [
    0.876288652420044,
    0.876288652420044,
    0.876288652420044,
    0.876288652420044,
    0.876288652420044,
    0.876288652420044
  ],
  "val_loss": [
    0.48163849115371704,
    0.5407624244689941,
    0.46495404839515686,
    0.4951174259185791,
    0.4896012842655182,
    0.4813687801361084
  ]
}