{
  "test_loss": 0.3706459403038025,
  "test_accuracy": 0.9432989954948425
}