{
  "test_loss": 0.31672897934913635,
  "test_accuracy": 0.8564102649688721
}