{
  "accuracy": 0.8712797619047619,
  "precision": 0.3394495412844037,
  "recall": 0.26811594202898553,
  "f1": 0.29959514170040485,
  "window": 32,
  "threshold": 2.5
}