{
  "accuracy": 0.8958333333333334,
  "precision": 0.42857142857142855,
  "recall": 0.043478260869565216,
  "f1": 0.07894736842105263,
  "window": 24,
  "threshold": 4.0
}