{
  "loss": [
    0.9340713620185852,
    0.7927387356758118,
    0.7259122729301453,
    0.6986390948295593,
    0.6873041391372681
  ],
  "val_loss": [
    0.8499642014503479,
    0.75374835729599,
    0.7066400051116943,
    0.6955584287643433,
    0.6831493973731995
  ]
}