{
  "accuracy": 0.9257425742574258,
  "precision": 0.7777777777777778,
  "recall": 0.2,
  "f1": 0.3181818181818182,
  "train_fraction": 0.7
}