{
  "accuracy": 0.8712871287128713,
  "precision": 0.36507936507936506,
  "recall": 0.6571428571428571,
  "f1": 0.46938775510204084,
  "train_fraction": 0.7
}