{
  "accuracy": 0.8661710037174721,
  "precision": 0.40229885057471265,
  "recall": 0.6363636363636364,
  "f1": 0.49295774647887325,
  "train_fraction": 0.6
}