{
  "accuracy": 0.8958333333333334,
  "precision": 0.475,
  "recall": 0.13768115942028986,
  "f1": 0.21348314606741572,
  "window": 32,
  "threshold": 3.0
}