{
  "accuracy": 0.9237918215613383,
  "precision": 0.7916666666666666,
  "recall": 0.34545454545454546,
  "f1": 0.4810126582278481,
  "train_fraction": 0.6
}