{
  "accuracy": 0.9163568773234201,
  "precision": 1.0,
  "recall": 0.18181818181818182,
  "f1": 0.3076923076923077,
  "train_fraction": 0.6
}