{
  "loss": [
    0.8888422846794128,
    0.7440463304519653,
    0.6976520419120789
  ],
  "val_loss": [
    0.7944994568824768,
    0.7095249891281128,
    0.6930167078971863
  ]
}