{
  "window": 48,
  "threshold": 2.5,
  "repeats": 5,
  "durations_ms": [
    53.89287497382611,
    7.389541948214173,
    7.075125002302229,
    7.325250073336065,
    7.137291948311031
  ],
  "avg_runtime_ms": 16.56401678919792,
  "std_runtime_ms": 18.664788565506196,
  "accuracy": 0.8772321428571429,
  "precision": 0.40145985401459855,
  "recall": 0.39855072463768115,
  "f1": 0.4
}