{
  "accuracy": 0.8772321428571429,
  "precision": 0.40145985401459855,
  "recall": 0.39855072463768115,
  "f1": 0.4,
  "window": 48,
  "threshold": 2.5
}