{
  "accuracy": 0.8327137546468402,
  "precision": 0.3364485981308411,
  "recall": 0.6545454545454545,
  "f1": 0.4444444444444444,
  "train_fraction": 0.6
}