{
  "accuracy": 0.9553903345724907,
  "precision": 1.0,
  "recall": 0.14285714285714285,
  "f1": 0.25,
  "train_fraction": 0.8
}