{
  "threshold": 0.657140194,
  "accuracy": 0.733230531996916,
  "precision": 0.1,
  "recall": 0.18840579710144928,
  "f1": 0.1306532663316583
}