percentile,threshold,precision,recall,f1
80.0,0.657140194,0.1,0.18840579710144928,0.1306532663316583
85.0,0.67649778,0.08205128205128205,0.11594202898550725,0.0960960960960961
90.0,0.7040200600000002,0.09230769230769231,0.08695652173913043,0.08955223880597014
95.0,0.80691062,0.046153846153846156,0.021739130434782608,0.029556650246305417
97.5,0.87340914,0.0,0.0,0.0
99.0,0.9241354712,0.0,0.0,0.0
