{
  "roc_auc": 0.5621850420777532,
  "pr_auc": 0.11473798154024456
}