{
  "threshold": 0.657140194,
  "accuracy": 0.6846569005397071,
  "precision": 0.12307692307692308,
  "recall": 0.15023474178403756,
  "f1": 0.13530655391120508
}