{
  "accuracy": 0.9516728624535316,
  "precision": 0.5555555555555556,
  "recall": 0.35714285714285715,
  "f1": 0.43478260869565216,
  "train_fraction": 0.8
}