{
  "accuracy": 0.9257425742574258,
  "precision": 0.8571428571428571,
  "recall": 0.17142857142857143,
  "f1": 0.2857142857142857,
  "train_fraction": 0.7
}