component,variance_ratio,cumulative
pc1,0.30080682,0.30080682
pc2,0.07684477,0.37765157
pc3,0.062424306,0.44007587
pc4,0.04832908,0.48840496
pc5,0.038769063,0.527174
pc6,0.036917973,0.564092
pc7,0.036009304,0.6001013
pc8,0.03519334,0.6352946
pc9,0.034698993,0.66999364
pc10,0.034172527,0.7041662
pc11,0.033653073,0.73781925
pc12,0.03244491,0.77026415
pc13,0.03156241,0.80182654
pc14,0.03072419,0.8325507
pc15,0.029673766,0.86222446
pc16,0.029196056,0.89142054
pc17,0.024946565,0.9163671
