{
  "accuracy": 0.8661710037174721,
  "precision": 0.6842105263157895,
  "recall": 0.3023255813953488,
  "f1": 0.41935483870967744,
  "train_fraction": 0.8
}