{
  "accuracy": 0.9442379182156134,
  "precision": 0.46153846153846156,
  "recall": 0.42857142857142855,
  "f1": 0.4444444444444444,
  "train_fraction": 0.8
}