{
  "accuracy": 0.9331683168316832,
  "precision": 0.6666666666666666,
  "recall": 0.45714285714285713,
  "f1": 0.5423728813559322,
  "train_fraction": 0.7
}