{
  "accuracy": 0.9144981412639405,
  "precision": 0.9090909090909091,
  "recall": 0.18181818181818182,
  "f1": 0.30303030303030304,
  "train_fraction": 0.6
}